Abbrev,Term,Estimate,Lower,Upper,Raters,Error
Miracle,"ICC(C,k)",0.9630366518884397,0.9384060855633221,0.9776046136356698,30,Relative
