Abbrev,Term,Estimate,Lower,Upper,Raters,Error
Fences,"ICC(C,k)",0.9774051126664153,0.9636058760028737,0.9870103913576749,30,Relative
