Abbrev,Term,Estimate,Lower,Upper,Raters,Error
Zodiac,"ICC(C,k)",0.9766813275380277,0.9617754790693952,0.9864098751746101,29,Relative
