Abbrev,Term,Estimate,Lower,Upper,Raters,Error
CatchMe,"ICC(C,k)",0.9346465097714024,0.8975958298816962,0.9588371596129268,36,Relative
